Region,total_ev_sales,total_non_ev_sales
World,40917450,1038880222
China,21775150,250229691
Europe,11578420,204474722
European Union (27),8552151,149850924
United States,4743800,181662252
Germany,2911340,37042511
United Kingdom,1584238,28509103
France,1541538,26863968
Norway,847060,941080
Netherlands,769667,6090571
Sweden,682160,3327180
Japan,601415,57919333
Canada,564740,17819642
South Korea,511850,13629857
Italy,487420,17010808
Belgium,470472,6461688
Spain,358530,12381778
Switzerland,275451,3513134
Denmark,259044,2248302
Rest of World,245559,124693046
Austria,219100,2410973
Australia,184290,9563999
Portugal,174629,2035835
Israel,150282,3390333
India,146173,16893768
Finland,145801,1118454
New Zealand,100278,2972823
Brazil,90158,22334727
Poland,85692,5252726
Turkey,82545,7073749
Iceland,50298,116568
Mexico,39459,10399350
Greece,35602,833504
Chile,3859,2327884
South Africa,3426,3620617
