Region,total_ev_sales,region_percentage
China,21775150,"54,25"
United States,4743800,"11,82"
Germany,2911340,"7,25"
United Kingdom,1584238,"3,95"
France,1541538,"3,84"
Norway,847060,"2,11"
Netherlands,769667,"1,92"
Sweden,682160,"1,70"
Japan,601415,"1,50"
Canada,564740,"1,41"
South Korea,511850,"1,28"
Italy,487420,"1,21"
Belgium,470472,"1,17"
Spain,358530,"0,89"
Switzerland,275451,"0,69"
Denmark,259044,"0,65"
Rest of World,245559,"0,61"
Austria,219100,"0,55"
Australia,184290,"0,46"
Portugal,174629,"0,44"
Israel,150282,"0,37"
India,146173,"0,36"
Finland,145801,"0,36"
New Zealand,100278,"0,25"
Brazil,90158,"0,22"
Poland,85692,"0,21"
Turkey,82545,"0,21"
Iceland,50298,"0,13"
Mexico,39459,"0,10"
Greece,35602,"0,09"
Chile,3859,"0,01"
South Africa,3426,"0,01"
