Region,total_ev_sales
World,40917450
China,21775150
Europe,11578420
European Union (27),8552151
United States,4743800
Germany,2911340
United Kingdom,1584238
France,1541538
Norway,847060
Netherlands,769667
Sweden,682160
Japan,601415
Canada,564740
South Korea,511850
Italy,487420
Belgium,470472
Spain,358530
Switzerland,275451
Denmark,259044
Rest of World,245559
Austria,219100
Australia,184290
Portugal,174629
Israel,150282
India,146173
Finland,145801
New Zealand,100278
Brazil,90158
Poland,85692
Turkey,82545
Iceland,50298
Mexico,39459
Greece,35602
Chile,3859
South Africa,3426
